page_no,answersheet_no
1,203867
2,203868
3,203869
4,203870
5,203871
6,203873
7,203875
8,203876
9,203877
10,203878
11,203879
12,203880
13,203881
14,203882
15,203884
16,203885
17,203887
18,203888
19,203889
20,203890
21,203891
22,203892
23,203893
24,203894
25,203895
26,203897
27,203898
28,203899
29,203900
30,203901
31,203902
32,203903
33,203904
34,203905
35,203906
36,203907
37,203908
38,203909
39,203910
40,203911
41,203912
42,203913
43,203914
44,203916
45,203917
46,203918
47,203920
48,203921
49,203924
50,203925
51,203926
52,203928
53,203929
54,203930
55,203931
56,203932
57,203935
58,203936
59,203937
60,203938
61,203939
62,203940
63,203942
64,203943
65,203944
66,203945
67,203946
68,203947
69,203948
70,203949
71,203950
72,203951
73,203952
74,203954
75,203955
76,203957
77,203958
78,203959
79,203960
80,203961
81,203962
82,203965
83,203966
84,203967
85,203968
86,203969
87,203970
88,203971
89,203973
90,203974
91,203975
92,203976
93,203977
94,203978
95,203979
96,203981
97,203982
98,203983
99,203984
100,203985
101,203987
102,203988
103,203989
104,203990
105,203991
106,203992
107,203994
108,203995
109,203998
110,203999
111,204000
112,204002
113,204003
114,204004
115,204005
116,204006
117,204007
118,204008
119,204009
120,204011
121,204013
122,204016
123,204017
124,204018
125,204020
126,204021
127,204022
128,204023
129,204024
130,204025
131,204026
132,204027
133,204028
134,204030
135,204031
136,204032
137,204034
138,204035
139,204036
140,204037
141,204038
142,204039
143,204040
144,204041
145,204042
146,204043
147,204044
148,204045
149,204046
150,204047
151,204048
152,204049
153,204050
154,204051
155,204052
156,204054
157,204055
158,204057
159,204058
160,204060
161,204062
162,204063
163,204065
164,204066
165,204067
166,204068
167,204070
168,204071
169,204074
170,204075
171,204076
172,204077
173,204078
174,204080
175,204083
176,204084
177,204085
178,204086
179,204087
180,204088
181,204089
182,204091
183,204092
184,204093
185,204094
186,204095
187,204097
188,204100
189,204102
190,204104
191,204105
192,204108
193,204109
194,204110
195,204111
196,204112
197,204113
198,204116
199,204117
200,204118
201,204119
202,204120
203,204121
204,204124
205,204125
206,204126
207,204127
208,204129
209,204130
210,204131
211,204133
212,204134
213,204136
214,204137
215,204139
216,204140
217,204141
218,204142
219,204143
220,204144
221,204145
222,204146
223,204148
224,204149
225,204150
226,204151
227,204152
228,204153
229,204154
230,204155
231,204157
232,204158
233,204161
234,204162
235,204163
236,204164
237,204165
238,204167
239,204168
240,204169
241,204170
242,204171
243,204172
244,204174
245,204175
246,204176
247,20417
248,204178
249,204179
250,204180
251,204181
252,204182
253,204183
254,204184
255,204185
256,204186
257,204187
258,204188
259,204189
260,204190
261,204191
262,204192
263,204194
264,204195
265,204196
266,204198
267,204199
268,204200
269,204201
270,204202
271,204203
272,204204
273,204206
274,204207
275,204208
276,204209
277,204210
278,204211
279,204212
280,204213
281,204214
282,204216
283,204217
284,204218
285,204219
286,204220
287,204221
288,204223
289,204224
290,204225
291,204226
292,204227
293,204228
294,204229
295,204230
296,204232
297,204234
298,204235
299,204236
300,204237
301,204240
302,204241
303,204242
304,204243
305,204244
306,204245
307,204246
308,204247
309,204248
310,204250
311,204251
312,204252
313,204254
314,204255
315,204256
316,204257
317,204258
318,204259
319,204260
320,204262
321,204264
322,204265
323,204266
324,204267
325,204268
326,204269
327,204270
328,20420
329,204274
330,204275
331,204276
332,204277
333,204278
334,204279
335,204280
336,204281
337,204282
338,204283
339,204284
340,204285
341,204287
342,204290
343,204291
344,204292
345,204293
346,204294
347,204296
348,204298
349,204299
350,204300
351,204301
352,204302
353,204304
354,204305
355,204306
356,204307
357,204308
358,204309
359,204310
360,204311
361,204313
362,204315
363,204316
364,204317
365,204318
366,204320
367,204321
368,204322
369,204323
370,204324
371,204325
372,204326
373,204343
374,204328
375,204329
376,204330
377,204331
378,204332
379,204333
380,204334
381,204335
382,204336
383,204337
384,204339
385,204340
386,204341
387,204342
388,204344
389,204345
390,204347
391,204348
392,204350
393,204352
394,204353
395,204354
396,204358
397,204359
398,204360
399,204361
400,204362
401,204363
402,204364
403,204365
404,204366
405,204368
406,204369
407,204370
408,204371
409,204372
410,204373
411,204375
412,204376
413,204378
414,204379
415,204380
416,204381
417,204383
418,204384
419,204386
420,204387
421,204388
422,204391
423,204392
424,203410
425,203411
426,203412
427,203413
428,203414
429,203415
430,203417
431,203418
432,203419
433,203420
434,203421
435,203422
436,203423
437,203424
438,203425
439,203426
440,203427
441,203428
442,203429
443,203430
444,203432
445,203433
446,203434
447,203435
448,203436
449,203437
450,203438
451,203439
452,203440
453,203441
454,203442
455,203443
456,203444
457,203445
458,203447
459,203448
460,203449
461,203450
462,203451
463,203452
464,203455
465,203456
466,203457
467,203458
468,203459
469,203462
470,203463
471,203464
472,203465
473,203466
474,203467
475,203468
476,203469
477,20341
478,203472
479,203473
480,203474
481,203475
482,203476
483,203477
484,203479
485,203480
486,203481
487,203482
488,203483
489,203484
490,203485
491,203486
492,203487
493,203488
494,203489
495,203490
496,203491
497,203492
498,203493
499,203494
500,203495
501,203496
502,203497
503,203498
504,203499
505,203500
506,203501
507,203502
508,203503
509,203504
510,203505
511,203506
512,203507
513,203508
514,203509
515,203510
516,203511
517,203512
518,203513
519,203514
520,203515
521,203516
522,203517
523,203518
524,203519
525,203520
526,203521
527,203522
528,203523
529,203524
530,203526
531,203527
532,203528
533,203529
534,203530
535,203531
536,203532
537,203533
538,203534
539,203535
540,203536
541,203537
542,203538
543,203539
544,203540
545,203541
546,203542
547,203543
548,203545
549,203547
550,203548
551,203549
552,203550
553,203551
554,203553
555,203554
556,203555
557,203556
558,203557
559,203558
560,203559
561,203560
562,203561
563,203562
564,203563
565,203564
566,203565
567,203566
568,203568
569,203569
570,203570
571,203571
572,203572
573,203573
574,203574
575,203575
576,203576
577,203577
578,203578
579,203579
580,203580
581,203581
582,203582
583,203583
584,203584
585,203585
586,203586
587,203587
588,203588
589,203589
590,203590
591,203591
592,203593
593,203595
594,203596
595,203597
596,203598
597,203599
598,203601
599,203602
600,203603
601,203604
602,203605
603,203606
604,203607
605,203608
606,203609
607,203610
608,203611
609,203612
610,203615
611,203616
612,203617
613,203618
614,203619
615,203620
616,203621
617,203622
618,203623
619,203624
620,203625
621,203626
622,203627
623,203628
624,203629
625,203630
626,203631
627,203632
628,203633
629,203635
630,203636
631,203637
632,203639
633,203640
634,203641
635,203642
636,203643
637,203644
638,203645
639,203647
640,203648
641,203649
642,203650
643,203651
644,203652
645,203653
646,203654
647,203655
648,203656
649,203657
650,203658
651,203659
652,203660
653,203661
654,203662
655,203663
656,203665
657,203666
658,203668
659,203669
660,203671
661,203673
662,203674
663,203675
664,203676
665,203678
666,203679
667,203681
668,203682
669,203683
670,203684
671,203685
672,203686
673,203687
674,203688
675,203689
676,203690
677,203691
678,203692
679,203693
680,203694
681,203695
682,203696
683,203697
684,203700
685,203701
686,203702
687,203703
688,203705
689,203706
690,203708
691,203710
692,203711
693,203712
694,203713
695,203714
696,203715
697,203716
698,203720
699,203721
700,203722
701,203723
702,203724
703,203725
704,203726
705,203727
706,203728
707,203730
708,203732
709,203733
710,203734
711,203736
712,203737
713,203738
714,203739
715,203740
716,203741
717,203742
718,203743
719,203745
720,203746
721,203747
722,203748
723,203750
724,203751
725,203752
726,203753
727,203754
728,203755
729,203756
730,203757
731,203758
732,203759
733,203761
734,203762
735,203763
736,203765
737,203766
738,203767
739,203768
740,203769
741,203770
742,203771
743,203773
744,203774
745,203775
746,203776
747,203777
748,203778
749,203779
750,203781
751,203782
752,203783
753,203785
754,203786
755,203787
756,203788
757,203789
758,203790
759,203791
760,203792
761,203793
762,203794
763,203795
764,203796
765,203797
766,203799
767,203801
768,203803
769,203804
770,203806
771,203807
772,203809
773,203810
774,203811
775,203813
776,203815
777,203816
778,203817
779,203818
780,203819
781,203820
782,203821
783,203822
784,203823
785,203824
786,203825
787,203826
788,203827
789,203828
790,203830
791,203831
792,203833
793,203834
794,203835
795,203836
796,203837
797,203838
798,203839
799,203840
800,203841
801,203842
802,203843
803,203844
804,203845
805,203846
806,203847
807,203848
808,203849
809,203850
810,203851
811,203852
812,203854
813,203855
814,203856
815,203857
816,203858
817,203860
818,203861
819,203862
820,203863
821,203864
822,203865
823,203866
824,
